activity_id,contract_number,activity_type,start_location_id,end_location_id,total_accesses,planned_start_date,predecessor_activity_id,activity_priority
A001,C001,Renewal,SEC:BET:S15_S16:EB,SEC:BET:S16_S17:EB,2,2027-05-24,,2
A002,C001,Renewal,SEC:BET:S11_S12:WB,SEC:BET:S12_S13:WB,1,2027-01-04,,3
A003,C001,Renewal,SEC:BET:H01_H02:EB,SEC:BET:S15_S16:EB,5,2027-03-15,,1
A004,C001,Renewal,SEC:ALP:S03_S04:EB,SEC:ALP:S04_H01:EB,3,2027-04-12,A003,2
A006,C001,Renewal,SEC:ALP:S03_S04:WB,SEC:ALP:H01_H02:WB,2,2027-01-11,,2
A007,C001,Renewal,SEC:BET:H01_H02:EB,SEC:BET:H01_H02:EB,7,2027-04-12,,1
A008,C002,Renewal,SEC:BET:S17_S18:EB,SEC:BET:S17_S18:EB,5,2027-04-19,,1
A009,C002,Renewal,SEC:ALP:S05_S06:EB,SEC:ALP:S05_S06:EB,7,2027-01-11,,3
A011,C002,Renewal,SEC:BET:S15_S16:EB,SEC:BET:S16_S17:EB,2,2027-04-12,,2
A012,C002,Renewal,SEC:BET:H01_H02:WB,SEC:BET:H02_S15:WB,7,2027-01-11,,1
A013,C002,Renewal,SEC:ALP:S05_S06:WB,SEC:ALP:S05_S06:WB,5,2027-05-24,A012,2
A014,C003,Construction,SEC:ALP:S07_S08:EB,SEC:ALP:S07_S08:EB,7,2027-03-29,,3
A017,C003,Construction,SEC:BET:H01_H02:EB,SEC:BET:S15_S16:EB,7,2027-04-26,,2
A019,C003,Construction,SEC:BET:S16_S17:EB,SEC:BET:S16_S17:EB,2,2027-03-15,,3
A020,C003,Construction,SEC:ALP:S04_H01:WB,SEC:ALP:H02_S05:WB,2,2027-03-29,,2
A021,C004,Renewal,SEC:BET:S11_S12:WB,SEC:BET:S12_S13:WB,3,2027-01-18,,2
A023,C004,Renewal,SEC:ALP:S03_S04:WB,SEC:ALP:S03_S04:WB,7,2027-05-24,,1
A025,C004,Renewal,SEC:ALP:S01_S02:EB,SEC:ALP:S02_S03:EB,7,2027-02-22,,1
A028,C005,Renewal,SEC:ALP:S03_S04:EB,SEC:ALP:S04_H01:EB,2,2027-03-01,,2
A031,C005,Renewal,SEC:ALP:S06_S07:WB,SEC:ALP:S07_S08:WB,2,2027-01-04,,3
A035,C006,Construction,SEC:ALP:S02_S03:WB,SEC:ALP:S03_S04:WB,3,2027-01-04,,1
A036,C006,Construction,SEC:BET:S14_H01:EB,SEC:BET:S14_H01:EB,7,2027-05-31,,1
A037,C006,Construction,SEC:BET:S15_S16:EB,SEC:BET:S16_S17:EB,2,2027-02-22,,1
A038,C006,Construction,SEC:BET:S17_S18:EB,SEC:BET:S17_S18:EB,3,2027-01-18,A037,3
A039,C006,Construction,SEC:BET:S11_S12:WB,SEC:BET:S13_S14:WB,7,2027-02-22,,2
A040,C007,Renewal,SEC:BET:H01_H02:EB,SEC:BET:S15_S16:EB,7,2027-03-29,,1
A041,C007,Renewal,SEC:BET:S15_S16:EB,SEC:BET:S15_S16:EB,2,2027-03-15,,3
A042,C007,Renewal,SEC:BET:S15_S16:EB,SEC:BET:S17_S18:EB,3,2027-06-07,,2
A043,C007,Renewal,SEC:BET:H02_S15:EB,SEC:BET:S16_S17:EB,2,2027-03-29,,3
A046,C007,Renewal,SEC:ALP:S05_S06:WB,SEC:ALP:S05_S06:WB,5,2027-03-01,,3
A047,C008,Renewal,SEC:ALP:H02_S05:EB,SEC:ALP:S05_S06:EB,2,2027-03-29,,3
A048,C008,Renewal,SEC:BET:S13_S14:EB,SEC:BET:S13_S14:EB,3,2027-01-04,,3
A049,C008,Renewal,SEC:BET:H02_S15:WB,SEC:BET:S15_S16:WB,5,2027-02-22,A048,2
A050,C008,Renewal,SEC:ALP:S03_S04:WB,SEC:ALP:S04_H01:WB,2,2027-04-26,,3
A051,C008,Renewal,SEC:BET:S17_S18:WB,SEC:BET:S17_S18:WB,2,2027-06-28,A050,1
A054,C009,Construction,SEC:ALP:S04_H01:EB,SEC:ALP:H02_S05:EB,2,2027-04-26,,2
A055,C009,Construction,SEC:BET:S13_S14:EB,SEC:BET:H01_H02:EB,1,2027-04-19,,1
A056,C009,Construction,SEC:ALP:H02_S05:WB,SEC:ALP:S06_S07:WB,2,2027-05-03,,2
A057,C009,Construction,SEC:BET:H02_S15:EB,SEC:BET:S15_S16:EB,7,2027-04-12,,3
A058,C010,Construction,SEC:ALP:S03_S04:WB,SEC:ALP:H01_H02:WB,7,2027-01-11,,3
A059,C010,Construction,SEC:ALP:S06_S07:WB,SEC:ALP:S07_S08:WB,7,2027-04-05,,3
A060,C010,Construction,SEC:BET:H02_S15:EB,SEC:BET:S15_S16:EB,3,2027-03-29,,2
A061,C010,Construction,SEC:BET:H01_H02:EB,SEC:BET:H02_S15:EB,7,2027-01-25,,1
A063,C010,Construction,SEC:BET:S14_H01:EB,SEC:BET:H01_H02:EB,1,2027-02-01,,3
A064,C010,Construction,SEC:BET:S15_S16:WB,SEC:BET:S15_S16:WB,1,2027-04-19,,3
A065,C011,Renewal,SEC:BET:S12_S13:WB,SEC:BET:S12_S13:WB,1,2027-05-10,,2
A066,C011,Renewal,SEC:ALP:S02_S03:WB,SEC:ALP:S04_H01:WB,1,2027-06-21,A065,3
A069,C011,Renewal,SEC:ALP:S03_S04:WB,SEC:ALP:H01_H02:WB,2,2027-03-01,,2
A070,C011,Renewal,SEC:ALP:S03_S04:WB,SEC:ALP:S04_H01:WB,5,2027-03-15,,1
A071,C011,Renewal,SEC:BET:S15_S16:EB,SEC:BET:S16_S17:EB,1,2027-04-12,,1
A072,C012,Construction,SEC:ALP:S04_H01:EB,SEC:ALP:H01_H02:EB,1,2027-06-07,,2
A073,C012,Construction,SEC:BET:H01_H02:EB,SEC:BET:H02_S15:EB,1,2027-05-31,,3
A074,C013,Renewal,SEC:ALP:H01_H02:EB,SEC:ALP:H01_H02:EB,1,2027-05-10,,2
A075,C014,Construction,SEC:BET:H01_H02:WB,SEC:BET:H01_H02:WB,1,2027-06-14,,3
